{"cameraMode":{"drawMode":0,"name":"Shaded","section":"Shading Mode"},"sceneLighting":true,"audioPlay":false,"sceneViewState":{"showFog":true,"showMaterialUpdate":true,"showSkybox":true,"showFlares":true,"showImageEffects":true,"showParticleSystems":true},"in2DMode":false,"pivot":{"x":-9.588749885559082,"y":0.05099344253540039,"z":-1.1951751708984376},"rotation":{"x":0.3188416659832001,"y":0.2069738805294037,"z":-0.07655235379934311,"w":0.9222425222396851},"size":23.661521911621095,"orthographic":false}