{"cameraMode":{"drawMode":0,"name":"Shaded","section":"Shading Mode"},"sceneLighting":true,"audioPlay":false,"sceneViewState":{"showFog":true,"showMaterialUpdate":true,"showSkybox":true,"showFlares":true,"showImageEffects":true,"showParticleSystems":true},"in2DMode":false,"pivot":{"x":-0.5589673519134522,"y":2.390446424484253,"z":-0.7556809186935425},"rotation":{"x":-0.008126615546643734,"y":0.9985859990119934,"z":-0.05468996614217758,"w":-0.02846584841609001},"size":3.8195860385894777,"orthographic":false}