{"cameraMode":{"drawMode":0,"name":"Shaded","section":"Shading Mode"},"sceneLighting":true,"audioPlay":false,"sceneViewState":{"showFog":true,"showMaterialUpdate":true,"showSkybox":true,"showFlares":true,"showImageEffects":true,"showParticleSystems":true},"in2DMode":false,"pivot":{"x":13.544258117675782,"y":1.2766990661621094,"z":9.332612991333008},"rotation":{"x":0.1661861091852188,"y":0.054643530398607257,"z":-0.013749349862337113,"w":0.9849513173103333},"size":55.58809280395508,"orthographic":false}