{"cameraMode":{"drawMode":0,"name":"Shaded","section":"Shading Mode"},"sceneLighting":true,"audioPlay":false,"sceneViewState":{"showFog":true,"showMaterialUpdate":true,"showSkybox":true,"showFlares":true,"showImageEffects":true,"showParticleSystems":true},"in2DMode":false,"pivot":{"x":1.5024138689041138,"y":1.755934715270996,"z":-0.035151466727256778},"rotation":{"x":0.042823318392038348,"y":-0.5903051495552063,"z":-0.031372617930173877,"w":-0.8056763410568237},"size":3.8364474773406984,"orthographic":false}