{"cameraMode":{"drawMode":0,"name":"Shaded","section":"Shading Mode"},"sceneLighting":true,"audioPlay":false,"sceneViewState":{"showFog":true,"showMaterialUpdate":true,"showSkybox":true,"showFlares":true,"showImageEffects":true,"showParticleSystems":true},"in2DMode":false,"pivot":{"x":-0.007568545639514923,"y":0.06349796056747437,"z":0.028716986998915674},"rotation":{"x":-0.3320179879665375,"y":0.5650731325149536,"z":-0.26525765657424929,"w":-0.7072597742080689},"size":19.51491928100586,"orthographic":false}