{"cameraMode":{"drawMode":0,"name":"Shaded","section":"Shading Mode"},"sceneLighting":false,"audioPlay":false,"sceneViewState":{"showFog":true,"showMaterialUpdate":true,"showSkybox":false,"showFlares":true,"showImageEffects":true,"showParticleSystems":true},"in2DMode":false,"pivot":{"x":0.0007314682006835938,"y":0.8366208076477051,"z":-0.0892176404595375},"rotation":{"x":-0.061860401183366778,"y":0.912480890750885,"z":-0.14515799283981324,"w":-0.3781948685646057},"size":1.2099967002868653,"orthographic":false}