{"cameraMode":{"drawMode":0,"name":"Shaded","section":"Shading Mode"},"sceneLighting":true,"audioPlay":false,"sceneViewState":{"showFog":true,"showMaterialUpdate":true,"showSkybox":true,"showFlares":true,"showImageEffects":true,"showParticleSystems":true},"in2DMode":false,"pivot":{"x":-1.1155554056167603,"y":1.7944999933242798,"z":-0.4049488306045532},"rotation":{"x":0.12807738780975343,"y":0.1156463548541069,"z":-0.02049565315246582,"w":0.9852806329727173},"size":3.6195669174194338,"orthographic":false}