{"cameraMode":{"drawMode":0,"name":"Shaded","section":"Shading Mode"},"sceneLighting":true,"audioPlay":false,"sceneViewState":{"showFog":true,"showMaterialUpdate":true,"showSkybox":true,"showFlares":true,"showImageEffects":true,"showParticleSystems":true},"in2DMode":false,"pivot":{"x":3.2657952308654787,"y":4.788600444793701,"z":3.3444042205810549},"rotation":{"x":0.3156766891479492,"y":-0.10927116125822067,"z":0.03662227466702461,"w":0.9418544769287109},"size":13.58228588104248,"orthographic":false}