{"cameraMode":{"drawMode":0,"name":"Shaded","section":"Shading Mode"},"sceneLighting":true,"audioPlay":false,"sceneViewState":{"showFog":true,"showMaterialUpdate":true,"showSkybox":true,"showFlares":true,"showImageEffects":true,"showParticleSystems":true},"in2DMode":false,"pivot":{"x":7.438899993896484,"y":-10.449289321899414,"z":33.91264724731445},"rotation":{"x":0.1723097562789917,"y":-0.2982250154018402,"z":0.052059877663850787,"w":0.9377796649932861},"size":32.11085891723633,"orthographic":false}