{"cameraMode":{"drawMode":0,"name":"Shaded","section":"Shading Mode"},"sceneLighting":true,"audioPlay":false,"sceneViewState":{"showFog":true,"showMaterialUpdate":true,"showSkybox":true,"showFlares":true,"showImageEffects":true,"showParticleSystems":true},"in2DMode":false,"pivot":{"x":2.009718418121338,"y":2.1712093353271486,"z":0.24451172351837159},"rotation":{"x":-0.20863449573516847,"y":0.6967432498931885,"z":-0.22443349659442902,"w":-0.6487717032432556},"size":1.4373557567596436,"orthographic":false}