{"cameraMode":{"drawMode":0,"name":"Shaded","section":"Shading Mode"},"sceneLighting":true,"audioPlay":false,"sceneViewState":{"showFog":true,"showMaterialUpdate":true,"showSkybox":true,"showFlares":true,"showImageEffects":true,"showParticleSystems":true},"in2DMode":false,"pivot":{"x":10.405555725097657,"y":0.7977948188781738,"z":0.051674604415893558},"rotation":{"x":0.1727842390537262,"y":0.7243677973747253,"z":-0.19872526824474336,"w":0.6375656127929688},"size":13.0746488571167,"orthographic":false}