{"cameraMode":{"drawMode":0,"name":"Shaded","section":"Shading Mode"},"sceneLighting":true,"audioPlay":false,"sceneViewState":{"showFog":true,"showMaterialUpdate":true,"showSkybox":true,"showFlares":true,"showImageEffects":true,"showParticleSystems":true},"in2DMode":false,"pivot":{"x":2.228527784347534,"y":1.5074005126953126,"z":-1.9839799404144288},"rotation":{"x":-0.092875637114048,"y":0.6209893822669983,"z":-0.07225491106510163,"w":-0.7752974629402161},"size":2.1031641960144045,"orthographic":false}