{"cameraMode":{"drawMode":0,"name":"Shaded","section":"Shading Mode"},"sceneLighting":true,"audioPlay":false,"sceneViewState":{"showFog":true,"showMaterialUpdate":true,"showSkybox":true,"showFlares":true,"showImageEffects":true,"showParticleSystems":true},"in2DMode":false,"pivot":{"x":1.0997211933135987,"y":0.12191152572631836,"z":1.598476767539978},"rotation":{"x":-0.33753615617752077,"y":0.17149116098880769,"z":-0.06275608390569687,"w":-0.9235813617706299},"size":5.007811069488525,"orthographic":false}