{"cameraMode":{"drawMode":0,"name":"Shaded","section":"Shading Mode"},"sceneLighting":true,"audioPlay":false,"sceneViewState":{"showFog":true,"showMaterialUpdate":true,"showSkybox":true,"showFlares":true,"showImageEffects":true,"showParticleSystems":true},"in2DMode":false,"pivot":{"x":-2.080596923828125,"y":-5.949583053588867,"z":-13.581197738647461},"rotation":{"x":-0.4175640344619751,"y":-0.05048038810491562,"z":0.024655353277921678,"w":-0.9072960615158081},"size":32.72203063964844,"orthographic":false}