{"cameraMode":{"drawMode":0,"name":"Shaded","section":"Shading Mode"},"sceneLighting":true,"audioPlay":false,"sceneViewState":{"showFog":true,"showMaterialUpdate":true,"showSkybox":true,"showFlares":true,"showImageEffects":true,"showParticleSystems":true},"in2DMode":false,"pivot":{"x":2.6891329288482668,"y":2.572336196899414,"z":-0.971440315246582},"rotation":{"x":-0.323332816362381,"y":0.5271594524383545,"z":-0.22671006619930268,"w":-0.7526049017906189},"size":0.6626442670822144,"orthographic":false}