{"cameraMode":{"drawMode":0,"name":"Shaded","section":"Shading Mode"},"sceneLighting":true,"audioPlay":false,"sceneViewState":{"showFog":true,"showMaterialUpdate":true,"showSkybox":true,"showFlares":true,"showImageEffects":true,"showParticleSystems":true},"in2DMode":false,"pivot":{"x":1.654627799987793,"y":3.351231575012207,"z":-13.6708984375},"rotation":{"x":-0.016005320474505426,"y":-0.9273980855941773,"z":0.0394936166703701,"w":-0.37363165616989138},"size":9.520960807800293,"orthographic":false}