{"cameraMode":{"drawMode":0,"name":"Shaded","section":"Shading Mode"},"sceneLighting":true,"audioPlay":false,"sceneViewState":{"showFog":true,"showMaterialUpdate":true,"showSkybox":true,"showFlares":true,"showImageEffects":true,"showParticleSystems":true},"in2DMode":false,"pivot":{"x":-12.040799140930176,"y":10.07004451751709,"z":-15.458589553833008},"rotation":{"x":0.13788633048534394,"y":-0.24118337035179139,"z":0.031814754009246829,"w":0.9605371356010437},"size":6.515203475952148,"orthographic":false}