{"cameraMode":{"drawMode":0,"name":"Shaded","section":"Shading Mode"},"sceneLighting":true,"audioPlay":false,"sceneViewState":{"showFog":true,"showMaterialUpdate":true,"showSkybox":true,"showFlares":true,"showImageEffects":true,"showParticleSystems":true},"in2DMode":false,"pivot":{"x":1.147169589996338,"y":6.152730941772461,"z":-0.6013650894165039},"rotation":{"x":0.02750302664935589,"y":-0.84022456407547,"z":0.029752548784017564,"w":0.5417834520339966},"size":4.43928337097168,"orthographic":true}