{"cameraMode":{"drawMode":0,"name":"Shaded","section":"Shading Mode"},"sceneLighting":true,"audioPlay":false,"sceneViewState":{"showFog":true,"showMaterialUpdate":true,"showSkybox":true,"showFlares":true,"showImageEffects":true,"showParticleSystems":true},"in2DMode":false,"pivot":{"x":0.8738747239112854,"y":1.0474823713302613,"z":-0.22564539313316346},"rotation":{"x":-0.2855486273765564,"y":0.3560735881328583,"z":-0.11509434878826142,"w":-0.8824799060821533},"size":16.939180374145509,"orthographic":false}