{"cameraMode":{"drawMode":0,"name":"Shaded","section":"Shading Mode"},"sceneLighting":false,"audioPlay":false,"sceneViewState":{"showFog":true,"showMaterialUpdate":true,"showSkybox":false,"showFlares":true,"showImageEffects":true,"showParticleSystems":true},"in2DMode":false,"pivot":{"x":11.04301929473877,"y":1.6584019660949708,"z":0.9460041522979736},"rotation":{"x":-0.09545888006687164,"y":0.5088673830032349,"z":-0.05509763956069946,"w":-0.8540997505187988},"size":0.8678256869316101,"orthographic":false}