{"cameraMode":{"drawMode":0,"name":"Shaded","section":"Shading Mode"},"sceneLighting":true,"audioPlay":false,"sceneViewState":{"showFog":true,"showMaterialUpdate":true,"showSkybox":true,"showFlares":true,"showImageEffects":true,"showParticleSystems":true},"in2DMode":false,"pivot":{"x":2.4862289428710939,"y":3.2285635471343996,"z":-1.37956702709198},"rotation":{"x":-0.10204939544200897,"y":-0.1155502051115036,"z":0.011797762475907803,"w":-0.9880973696708679},"size":8.255841255187989,"orthographic":false}