{"cameraMode":{"drawMode":0,"name":"Shaded","section":"Shading Mode"},"sceneLighting":true,"audioPlay":false,"sceneViewState":{"showFog":true,"showMaterialUpdate":true,"showSkybox":true,"showFlares":true,"showImageEffects":true,"showParticleSystems":true},"in2DMode":false,"pivot":{"x":-27.327150344848634,"y":-0.48462533950805666,"z":-1.5494580268859864},"rotation":{"x":0.33999788761138918,"y":-0.20016218721866609,"z":0.07244887202978134,"w":0.91642826795578},"size":12.63516616821289,"orthographic":false}