{"cameraMode":{"drawMode":0,"name":"Shaded","section":"Shading Mode"},"sceneLighting":true,"audioPlay":false,"sceneViewState":{"showFog":true,"showMaterialUpdate":true,"showSkybox":true,"showFlares":true,"showImageEffects":true,"showParticleSystems":true},"in2DMode":false,"pivot":{"x":2.6397199630737306,"y":10.578410148620606,"z":2.9305195808410646},"rotation":{"x":0.09144675731658936,"y":-0.13253693282604218,"z":0.012277134694159031,"w":0.98688143491745},"size":11.192848205566407,"orthographic":false}