{"cameraMode":{"drawMode":0,"name":"Shaded","section":"Shading Mode"},"sceneLighting":true,"audioPlay":false,"sceneViewState":{"showFog":true,"showMaterialUpdate":true,"showSkybox":true,"showFlares":true,"showImageEffects":true,"showParticleSystems":true},"in2DMode":false,"pivot":{"x":-15.154873847961426,"y":14.202211380004883,"z":-22.07522964477539},"rotation":{"x":-0.03871463984251022,"y":0.1780289262533188,"z":-0.0017535306978970767,"w":-0.9837520718574524},"size":44.25132369995117,"orthographic":false}