{"cameraMode":{"drawMode":0,"name":"Shaded","section":"Shading Mode"},"sceneLighting":true,"audioPlay":false,"sceneViewState":{"showFog":true,"showMaterialUpdate":true,"showSkybox":true,"showFlares":true,"showImageEffects":true,"showParticleSystems":true},"in2DMode":false,"pivot":{"x":16.16102409362793,"y":5.859554290771484,"z":-2.7823753356933595},"rotation":{"x":-0.3199101984500885,"y":-0.1661638468503952,"z":0.05711876228451729,"w":-0.9312589168548584},"size":12.931492805480957,"orthographic":false}