{"cameraMode":{"drawMode":0,"name":"Shaded","section":"Shading Mode"},"sceneLighting":true,"audioPlay":false,"sceneViewState":{"showFog":true,"showMaterialUpdate":true,"showSkybox":true,"showFlares":true,"showImageEffects":true,"showParticleSystems":true},"in2DMode":false,"pivot":{"x":19.392120361328126,"y":7.624794960021973,"z":-6.514331817626953},"rotation":{"x":0.1784232258796692,"y":-0.5262543559074402,"z":0.11238396167755127,"w":0.8240920305252075},"size":23.028396606445314,"orthographic":false}