{"cameraMode":{"drawMode":0,"name":"Shaded","section":"Shading Mode"},"sceneLighting":true,"audioPlay":false,"sceneViewState":{"showFog":true,"showMaterialUpdate":true,"showSkybox":true,"showFlares":true,"showImageEffects":true,"showParticleSystems":true},"in2DMode":false,"pivot":{"x":1.8341923952102662,"y":-1.9640743732452393,"z":9.183541297912598},"rotation":{"x":0.08919744193553925,"y":0.021048981696367265,"z":-0.006922796834260225,"w":0.99627685546875},"size":20.66973304748535,"orthographic":false}