{"cameraMode":{"drawMode":0,"name":"Shaded","section":"Shading Mode"},"sceneLighting":true,"audioPlay":false,"sceneViewState":{"showFog":true,"showMaterialUpdate":true,"showSkybox":true,"showFlares":true,"showImageEffects":true,"showParticleSystems":true},"in2DMode":false,"pivot":{"x":1.7256417274475098,"y":2.534252166748047,"z":-1.308161735534668},"rotation":{"x":0.02750302664935589,"y":-0.84022456407547,"z":0.029752548784017564,"w":0.5417834520339966},"size":2.0089468955993654,"orthographic":true}