{"cameraMode":{"drawMode":0,"name":"Shaded","section":"Shading Mode"},"sceneLighting":true,"audioPlay":false,"sceneViewState":{"showFog":true,"showMaterialUpdate":true,"showSkybox":true,"showFlares":true,"showImageEffects":true,"showParticleSystems":true},"in2DMode":false,"pivot":{"x":0.5790565013885498,"y":1.2760121822357178,"z":0.9422550797462463},"rotation":{"x":-0.07018418610095978,"y":0.8052785992622376,"z":-0.0944484993815422,"w":-0.5815780758857727},"size":2.825434923171997,"orthographic":false}