{"cameraMode":{"drawMode":0,"name":"Shaded","section":"Shading Mode"},"sceneLighting":true,"audioPlay":false,"sceneViewState":{"showFog":true,"showMaterialUpdate":true,"showSkybox":true,"showFlares":true,"showImageEffects":true,"showParticleSystems":true},"in2DMode":false,"pivot":{"x":0.4398065209388733,"y":0.1587214469909668,"z":-0.19634473323822022},"rotation":{"x":-0.11930744349956513,"y":0.7649670243263245,"z":-0.13690562546253205,"w":-0.618781328201294},"size":3.5195860862731935,"orthographic":false}