{"cameraMode":{"drawMode":0,"name":"Shaded","section":"Shading Mode"},"sceneLighting":true,"audioPlay":false,"sceneViewState":{"showFog":true,"showMaterialUpdate":true,"showSkybox":true,"showFlares":true,"showImageEffects":true,"showParticleSystems":true},"in2DMode":false,"pivot":{"x":8.022968292236329,"y":6.359992980957031,"z":-7.812434196472168},"rotation":{"x":0.2583877742290497,"y":0.3848576247692108,"z":-0.11317303776741028,"w":0.8790717720985413},"size":14.75207233428955,"orthographic":false}