{"cameraMode":{"drawMode":0,"name":"Shaded","section":"Shading Mode"},"sceneLighting":true,"audioPlay":false,"sceneViewState":{"showFog":true,"showMaterialUpdate":true,"showSkybox":true,"showFlares":true,"showImageEffects":true,"showParticleSystems":true},"in2DMode":false,"pivot":{"x":0.9807456731796265,"y":1.1824891567230225,"z":-1.0678654909133912},"rotation":{"x":0.12807738780975343,"y":0.1156463548541069,"z":-0.02049565315246582,"w":0.9852806329727173},"size":0.6238576173782349,"orthographic":false}