{"cameraMode":{"drawMode":0,"name":"Shaded","section":"Shading Mode"},"sceneLighting":true,"audioPlay":false,"sceneViewState":{"showFog":true,"showMaterialUpdate":true,"showSkybox":true,"showFlares":true,"showImageEffects":true,"showParticleSystems":true},"in2DMode":false,"pivot":{"x":-3.325063943862915,"y":0.555689811706543,"z":0.5913853645324707},"rotation":{"x":-0.00030691263964399695,"y":-0.322239488363266,"z":-0.005616780370473862,"w":0.9471805095672607},"size":4.8859710693359379,"orthographic":false}