{"cameraMode":{"drawMode":0,"name":"Shaded","section":"Shading Mode"},"sceneLighting":true,"audioPlay":false,"sceneViewState":{"showFog":true,"showMaterialUpdate":true,"showSkybox":true,"showFlares":true,"showImageEffects":true,"showParticleSystems":true},"in2DMode":false,"pivot":{"x":1.1945931911468506,"y":1.8358290195465088,"z":0.3671088218688965},"rotation":{"x":-0.0832076147198677,"y":-0.048675693571567538,"z":0.004220114555209875,"w":-0.9954846501350403},"size":0.8593303561210632,"orthographic":false}