{"cameraMode":{"drawMode":0,"name":"Shaded","section":"Shading Mode"},"sceneLighting":true,"audioPlay":false,"sceneViewState":{"showFog":true,"showMaterialUpdate":true,"showSkybox":true,"showFlares":true,"showImageEffects":true,"showParticleSystems":true},"in2DMode":false,"pivot":{"x":-2.021613836288452,"y":3.9661526679992677,"z":-3.0244362354278566},"rotation":{"x":0.08546847105026245,"y":0.7721697688102722,"z":0.11286903917789459,"w":-0.6204710006713867},"size":5.18731164932251,"orthographic":false}