{"cameraMode":{"drawMode":0,"name":"Shaded","section":"Shading Mode"},"sceneLighting":true,"audioPlay":false,"sceneViewState":{"showFog":true,"showMaterialUpdate":true,"showSkybox":true,"showFlares":true,"showImageEffects":true,"showParticleSystems":true},"in2DMode":false,"pivot":{"x":-1.956122875213623,"y":5.034151077270508,"z":-12.29739761352539},"rotation":{"x":0.030933087691664697,"y":-0.7361744046211243,"z":-0.03190542384982109,"w":-0.67640221118927},"size":7.779995441436768,"orthographic":false}