{"cameraMode":{"drawMode":0,"name":"Shaded","section":"Shading Mode"},"sceneLighting":true,"audioPlay":false,"sceneViewState":{"showFog":true,"showMaterialUpdate":true,"showSkybox":true,"showFlares":true,"showImageEffects":true,"showParticleSystems":true},"in2DMode":false,"pivot":{"x":-3.536482810974121,"y":8.212431907653809,"z":-3.900386333465576},"rotation":{"x":-0.013942868448793888,"y":0.7411238551139832,"z":0.00639693858101964,"w":0.6720802187919617},"size":2.99210262298584,"orthographic":true}