{"cameraMode":{"drawMode":0,"name":"Shaded","section":"Shading Mode"},"sceneLighting":false,"audioPlay":false,"sceneViewState":{"showFog":true,"showMaterialUpdate":true,"showSkybox":false,"showFlares":true,"showImageEffects":true,"showParticleSystems":true},"in2DMode":false,"pivot":{"x":7.0115556716918949,"y":9.387430191040039,"z":8.912806510925293},"rotation":{"x":0.22070415318012238,"y":-0.23321515321731568,"z":0.05305330827832222,"w":0.9459406137466431},"size":-3.127042770385742,"orthographic":false}