{"cameraMode":{"drawMode":0,"name":"Shaded","section":"Shading Mode"},"sceneLighting":true,"audioPlay":false,"sceneViewState":{"showFog":true,"showMaterialUpdate":true,"showSkybox":true,"showFlares":true,"showImageEffects":true,"showParticleSystems":true},"in2DMode":false,"pivot":{"x":3.1142847537994386,"y":1.8999439477920533,"z":-0.28254133462905886},"rotation":{"x":-0.2388657033443451,"y":-0.3853086829185486,"z":0.10368197411298752,"w":-0.8854326009750366},"size":1.785569667816162,"orthographic":false}