{"cameraMode":{"drawMode":0,"name":"Shaded","section":"Shading Mode"},"sceneLighting":true,"audioPlay":false,"sceneViewState":{"showFog":true,"showMaterialUpdate":true,"showSkybox":true,"showFlares":true,"showImageEffects":true,"showParticleSystems":true},"in2DMode":false,"pivot":{"x":2.809999942779541,"y":2.130000114440918,"z":-0.75},"rotation":{"x":-0.37960773706436159,"y":-0.1128435805439949,"z":0.046619243919849399,"w":-0.9172083735466003},"size":2.761293888092041,"orthographic":false}