{"cameraMode":{"drawMode":0,"name":"Shaded","section":"Shading Mode"},"sceneLighting":true,"audioPlay":false,"sceneViewState":{"showFog":true,"showMaterialUpdate":true,"showSkybox":true,"showFlares":true,"showImageEffects":true,"showParticleSystems":true},"in2DMode":false,"pivot":{"x":-0.2203688621520996,"y":0.06806016713380814,"z":2.412315845489502},"rotation":{"x":-0.13687855005264283,"y":-0.4553695023059845,"z":0.07884485274553299,"w":-0.8767778873443604},"size":10.958170890808106,"orthographic":false}