{"cameraMode":{"drawMode":0,"name":"Shaded","section":"Shading Mode"},"sceneLighting":true,"audioPlay":false,"sceneViewState":{"showFog":true,"showMaterialUpdate":true,"showSkybox":true,"showFlares":true,"showImageEffects":true,"showParticleSystems":true},"in2DMode":false,"pivot":{"x":16.652557373046876,"y":11.643509864807129,"z":-0.6158487796783447},"rotation":{"x":0.2613947093486786,"y":0.11581579595804215,"z":-0.03149629384279251,"w":0.9578481912612915},"size":11.199226379394532,"orthographic":false}