{"cameraMode":{"drawMode":0,"name":"Shaded","section":"Shading Mode"},"sceneLighting":true,"audioPlay":false,"sceneViewState":{"showFog":true,"showMaterialUpdate":true,"showSkybox":true,"showFlares":true,"showImageEffects":true,"showParticleSystems":true},"in2DMode":false,"pivot":{"x":0.23101472854614259,"y":-2.384185791015625e-7,"z":0.9232873916625977},"rotation":{"x":-0.198582261800766,"y":0.799660325050354,"z":-0.35720816254615786,"w":-0.4405200481414795},"size":10.918384552001954,"orthographic":false}