{"cameraMode":{"drawMode":0,"name":"Shaded","section":"Shading Mode"},"sceneLighting":true,"audioPlay":false,"sceneViewState":{"showFog":true,"showMaterialUpdate":true,"showSkybox":true,"showFlares":true,"showImageEffects":true,"showParticleSystems":true},"in2DMode":false,"pivot":{"x":0.05000019073486328,"y":3.078000068664551,"z":13.301000595092774},"rotation":{"x":0.23912756145000459,"y":-0.657005250453949,"z":0.23232099413871766,"w":0.6761955618858337},"size":12.598689079284668,"orthographic":false}