{"cameraMode":{"drawMode":0,"name":"Shaded","section":"Shading Mode"},"sceneLighting":true,"audioPlay":false,"sceneViewState":{"showFog":true,"showMaterialUpdate":true,"showSkybox":true,"showFlares":true,"showImageEffects":true,"showParticleSystems":true},"in2DMode":false,"pivot":{"x":10.726508140563965,"y":-11.769062042236329,"z":-2.94235897064209},"rotation":{"x":-0.42536240816116335,"y":-0.41852495074272158,"z":0.24176521599292756,"w":-0.7658905982971191},"size":10.649861335754395,"orthographic":false}