{"cameraMode":{"drawMode":0,"name":"Shaded","section":"Shading Mode"},"sceneLighting":true,"audioPlay":false,"sceneViewState":{"showFog":true,"showMaterialUpdate":true,"showSkybox":true,"showFlares":true,"showImageEffects":true,"showParticleSystems":true},"in2DMode":false,"pivot":{"x":21.622154235839845,"y":6.145963668823242,"z":3.704622268676758},"rotation":{"x":0.044425562024116519,"y":0.5544148683547974,"z":-0.035026513040065768,"w":0.8308625221252441},"size":33.06646728515625,"orthographic":false}