{"cameraMode":{"drawMode":0,"name":"Shaded","section":"Shading Mode"},"sceneLighting":true,"audioPlay":false,"sceneViewState":{"showFog":true,"showMaterialUpdate":true,"showSkybox":true,"showFlares":true,"showImageEffects":true,"showParticleSystems":true},"in2DMode":false,"pivot":{"x":1.5173194408416749,"y":2.0095887184143068,"z":-3.8021273612976076},"rotation":{"x":-0.3441498279571533,"y":0.08394667506217957,"z":-0.023266181349754335,"w":-0.9354721307754517},"size":2.63875675201416,"orthographic":false}