{"cameraMode":{"drawMode":0,"name":"Shaded","section":"Shading Mode"},"sceneLighting":true,"audioPlay":false,"sceneViewState":{"m_AlwaysRefresh":true,"showFog":true,"showSkybox":true,"showFlares":true,"showImageEffects":true,"showParticleSystems":true,"showVisualEffectGraphs":true,"m_FxEnabled":true},"in2DMode":false,"pivot":{"x":10.130104064941407,"y":20.38339614868164,"z":-11.389257431030274},"rotation":{"x":-0.17336086928844453,"y":0.3936704397201538,"z":-0.07773301005363465,"w":-0.8997791409492493},"size":17.383331298828126,"orthographic":false}