{"cameraMode":{"drawMode":0,"name":"Shaded","section":"Shading Mode"},"sceneLighting":true,"audioPlay":false,"sceneViewState":{"showFog":true,"showMaterialUpdate":true,"showSkybox":true,"showFlares":true,"showImageEffects":true,"showParticleSystems":true},"in2DMode":false,"pivot":{"x":-0.16889572143554688,"y":1.7444219589233399,"z":22.95909881591797},"rotation":{"x":0.1705470234155655,"y":0.8184764981269836,"z":-0.3083302974700928,"w":0.45438188314437868},"size":50.6436653137207,"orthographic":false}