{"cameraMode":{"drawMode":0,"name":"Shaded","section":"Shading Mode"},"sceneLighting":true,"audioPlay":false,"sceneViewState":{"showFog":true,"showMaterialUpdate":true,"showSkybox":true,"showFlares":true,"showImageEffects":true,"showParticleSystems":true},"in2DMode":false,"pivot":{"x":-24.270050048828126,"y":29.575881958007814,"z":75.332275390625},"rotation":{"x":0.12502139806747437,"y":0.638931155204773,"z":-0.10658048093318939,"w":0.7518799901008606},"size":50.267601013183597,"orthographic":false}