{"cameraMode":{"drawMode":0,"name":"Shaded","section":"Shading Mode"},"sceneLighting":false,"audioPlay":false,"sceneViewState":{"showFog":true,"showMaterialUpdate":true,"showSkybox":false,"showFlares":true,"showImageEffects":true,"showParticleSystems":true},"in2DMode":false,"pivot":{"x":0.0,"y":0.05000000074505806,"z":1.7309999465942383},"rotation":{"x":0.3300475478172302,"y":0.5482641458511353,"z":-0.24881815910339356,"w":0.7273880839347839},"size":5.291481018066406,"orthographic":false}