{"cameraMode":{"drawMode":0,"name":"Shaded","section":"Shading Mode"},"sceneLighting":true,"audioPlay":false,"sceneViewState":{"showFog":true,"showMaterialUpdate":true,"showSkybox":true,"showFlares":true,"showImageEffects":true,"showParticleSystems":true},"in2DMode":false,"pivot":{"x":0.7113189697265625,"y":27.915813446044923,"z":4.974071502685547},"rotation":{"x":-0.041218485683202746,"y":0.5499127507209778,"z":0.02741861529648304,"w":0.8340706825256348},"size":76.00821685791016,"orthographic":false}