{"cameraMode":{"drawMode":0,"name":"Shaded","section":"Shading Mode"},"sceneLighting":true,"audioPlay":false,"sceneViewState":{"showFog":true,"showMaterialUpdate":true,"showSkybox":true,"showFlares":true,"showImageEffects":true,"showParticleSystems":true},"in2DMode":false,"pivot":{"x":-2.0791759490966799,"y":-2.7756967544555666,"z":3.0518388748168947},"rotation":{"x":0.25269296765327456,"y":-0.6110936403274536,"z":0.21411633491516114,"w":0.7193161845207214},"size":12.689878463745118,"orthographic":false}