{"cameraMode":{"drawMode":0,"name":"Shaded","section":"Shading Mode"},"sceneLighting":true,"audioPlay":false,"sceneViewState":{"showFog":true,"showMaterialUpdate":true,"showSkybox":true,"showFlares":true,"showImageEffects":true,"showParticleSystems":true},"in2DMode":false,"pivot":{"x":-0.8693771362304688,"y":1.3423678874969483,"z":3.0196945667266847},"rotation":{"x":0.12534387409687043,"y":-0.4512932598590851,"z":0.06361005455255509,"w":0.8815480470657349},"size":6.191168785095215,"orthographic":false}