{"cameraMode":{"drawMode":0,"name":"Shaded","section":"Shading Mode"},"sceneLighting":true,"audioPlay":false,"sceneViewState":{"showFog":true,"showMaterialUpdate":true,"showSkybox":true,"showFlares":true,"showImageEffects":true,"showParticleSystems":true},"in2DMode":false,"pivot":{"x":-2.0791759490966799,"y":-2.7756967544555666,"z":3.0518388748168947},"rotation":{"x":0.20284397900104524,"y":-0.254424124956131,"z":0.05425992235541344,"w":0.9443271160125732},"size":52.43876647949219,"orthographic":false}