{"cameraMode":{"drawMode":0,"name":"Shaded","section":"Shading Mode"},"sceneLighting":true,"audioPlay":false,"sceneViewState":{"showFog":true,"showMaterialUpdate":true,"showSkybox":true,"showFlares":true,"showImageEffects":true,"showParticleSystems":true},"in2DMode":false,"pivot":{"x":-4.395803451538086,"y":4.142905235290527,"z":-2.274740695953369},"rotation":{"x":-0.390878826379776,"y":0.14387254416942597,"z":-0.06386890262365341,"w":-0.9072455763816834},"size":37.269004821777347,"orthographic":false}