{"cameraMode":{"drawMode":0,"name":"Shaded","section":"Shading Mode"},"sceneLighting":true,"audioPlay":false,"sceneViewState":{"showFog":true,"showMaterialUpdate":true,"showSkybox":true,"showFlares":true,"showImageEffects":true,"showParticleSystems":true},"in2DMode":false,"pivot":{"x":-4.587028503417969,"y":-7.080539703369141,"z":33.550086975097659},"rotation":{"x":-0.20107676088809968,"y":-0.645388126373291,"z":0.18186357617378236,"w":-0.7144631147384644},"size":33.4269905090332,"orthographic":false}