{"cameraMode":{"drawMode":0,"name":"Shaded","section":"Shading Mode"},"sceneLighting":true,"audioPlay":false,"sceneViewState":{"showFog":true,"showMaterialUpdate":true,"showSkybox":true,"showFlares":true,"showImageEffects":true,"showParticleSystems":true},"in2DMode":false,"pivot":{"x":-2.486085891723633,"y":4.7313947677612309,"z":24.070209503173829},"rotation":{"x":-0.1267969310283661,"y":-0.8717491030693054,"z":0.3599809408187866,"w":-0.3080369532108307},"size":1.1572113037109376,"orthographic":false}