{"cameraMode":{"drawMode":0,"name":"Shaded","section":"Shading Mode"},"sceneLighting":false,"audioPlay":false,"sceneViewState":{"showFog":true,"showMaterialUpdate":false,"showSkybox":false,"showFlares":true,"showImageEffects":true,"showParticleSystems":true},"in2DMode":false,"pivot":{"x":0.690000057220459,"y":1.7399998903274537,"z":-12.9399995803833},"rotation":{"x":0.23029494285583497,"y":0.3924839496612549,"z":0.10218379646539688,"w":-0.8845844268798828},"size":4.330127239227295,"orthographic":false}