{"cameraMode":{"drawMode":0,"name":"Shaded","section":"Shading Mode"},"sceneLighting":false,"audioPlay":false,"sceneViewState":{"showFog":true,"showMaterialUpdate":true,"showSkybox":false,"showFlares":true,"showImageEffects":true,"showParticleSystems":true},"in2DMode":false,"pivot":{"x":-0.030635356903076173,"y":0.8766063451766968,"z":-0.9359519481658936},"rotation":{"x":0.09288052469491959,"y":0.010029016993939877,"z":-0.0021328129805624487,"w":0.9959324598312378},"size":5.269871234893799,"orthographic":false}