{"cameraMode":{"drawMode":0,"name":"Shaded","section":"Shading Mode"},"sceneLighting":false,"audioPlay":false,"sceneViewState":{"showFog":true,"showMaterialUpdate":true,"showSkybox":false,"showFlares":true,"showImageEffects":true,"showParticleSystems":true},"in2DMode":false,"pivot":{"x":-1.7092914581298829,"y":5.450738906860352,"z":1.9854662418365479},"rotation":{"x":0.11955255270004273,"y":0.7104559540748596,"z":-0.13557761907577516,"w":0.6810513734817505},"size":12.909664154052735,"orthographic":false}