{"cameraMode":{"drawMode":0,"name":"Shaded","section":"Shading Mode"},"sceneLighting":false,"audioPlay":false,"sceneViewState":{"showFog":true,"showMaterialUpdate":true,"showSkybox":false,"showFlares":true,"showImageEffects":true,"showParticleSystems":true},"in2DMode":false,"pivot":{"x":1.741676926612854,"y":0.928539514541626,"z":-1.0862953662872315},"rotation":{"x":0.043045151978731158,"y":0.29678142070770266,"z":0.01512890961021185,"w":-0.9541458487510681},"size":1.8767277002334595,"orthographic":false}