{"cameraMode":{"drawMode":0,"name":"Shaded","section":"Shading Mode"},"sceneLighting":false,"audioPlay":false,"sceneViewState":{"showFog":true,"showMaterialUpdate":true,"showSkybox":false,"showFlares":true,"showImageEffects":true,"showParticleSystems":true},"in2DMode":false,"pivot":{"x":-0.21143841743469239,"y":1.4314606189727784,"z":-3.4000000953674318},"rotation":{"x":0.11285103112459183,"y":0.195145383477211,"z":-0.02352049946784973,"w":0.9742112755775452},"size":0.8660253882408142,"orthographic":false}