{"cameraMode":{"drawMode":0,"name":"Shaded","section":"Shading Mode"},"sceneLighting":false,"audioPlay":false,"sceneViewState":{"showFog":true,"showMaterialUpdate":true,"showSkybox":false,"showFlares":true,"showImageEffects":true,"showParticleSystems":true},"in2DMode":false,"pivot":{"x":0.690000057220459,"y":1.7399998903274537,"z":-12.9399995803833},"rotation":{"x":0.01839900203049183,"y":-0.7881985902786255,"z":0.023698953911662103,"w":0.6151679158210754},"size":4.330127239227295,"orthographic":false}