{"cameraMode":{"drawMode":0,"name":"Shaded","section":"Shading Mode"},"sceneLighting":false,"audioPlay":false,"sceneViewState":{"showFog":true,"showMaterialUpdate":true,"showSkybox":false,"showFlares":true,"showImageEffects":true,"showParticleSystems":true},"in2DMode":false,"pivot":{"x":162.89999389648438,"y":22.70000457763672,"z":-124.30000305175781},"rotation":{"x":0.14205022156238557,"y":-0.16066598892211915,"z":0.02097363770008087,"w":0.9769810438156128},"size":204.93165588378907,"orthographic":false}