{"cameraMode":{"drawMode":0,"name":"Shaded","section":"Shading Mode"},"sceneLighting":true,"audioPlay":false,"sceneViewState":{"showFog":true,"showMaterialUpdate":true,"showSkybox":true,"showFlares":true,"showImageEffects":true,"showParticleSystems":true},"in2DMode":false,"pivot":{"x":-0.6561534404754639,"y":1.1853702068328858,"z":1.247336506843567},"rotation":{"x":0.05573521926999092,"y":-0.04043107479810715,"z":0.0022562069352716209,"w":0.9976332783699036},"size":4.94210147857666,"orthographic":false}