{"cameraMode":{"drawMode":0,"name":"Shaded","section":"Shading Mode"},"sceneLighting":true,"audioPlay":false,"sceneViewState":{"showFog":true,"showMaterialUpdate":true,"showSkybox":false,"showFlares":true,"showImageEffects":true,"showParticleSystems":true},"in2DMode":false,"pivot":{"x":9.60999870300293,"y":2.93060302734375,"z":-13.145008087158204},"rotation":{"x":0.11955255270004273,"y":0.7104559540748596,"z":-0.13557761907577516,"w":0.6810513734817505},"size":46.292633056640628,"orthographic":false}